title,company,description,required_skills,category,experience_level,date,channel,message_id
የሥራ ቦታ,hahujobs,"**Florist **#bettys_organic#business#Addis_AbabaBachelor's Degree In any field of study with relevant work experience with relevant work experience.Duties & Responsibilities:- Designing and creating a wide variety of floral arrangements (bouquets, centerpieces, and gift baskets).- Providing excellent customer service and assisting clients with their selections. - Ensuring the freshness and quality of flowers through proper care, pruning, and watering.- Managing shop inventory and maintaining a c",excel,💻 ቴክኖሎጂ,ጀማሪ,2026-03-19,@hahujobs,158802
የሥራ ቦታ,gmail,"**HR Training and Recuirement Officer**#shangtex_garment_manufacturing_ethiopia_plc#business#Addis_AbabaBachelor's Degree In Human Resources Management, Business Administration, Management, Psychology, Law or with related field of study with relevant work experience. Duties & Responsibilities:- Advertising open positions, and managing the recruitment process- Orienting new employees and providing training for existing employees- Ensuring a positive and productive work environment for all employe","excel, communication",💻 ቴክኖሎጂ,ጀማሪ,2026-03-19,@hahujobs,158801
የሥራ ቦታ,hahujobs,"**Senior Marketing & Talent Promotion Officer**#lela_creative_management_agency_plc#business#Addis_AbabaBachelor's Degree or Masters in Marketing, Media, Communications, or related field of study with relevant work experience.Duties & Responsibilities:- Plan and execute advanced digital marketing campaigns (social media, ads, content)- Identify, manage, and promote artistic talents (models, influencers, creatives, etc.)- Develop branding and online presence for talents and the agency- Manage pla",communication,💻 ቴክኖሎጂ,ጀማሪ,2026-03-19,@hahujobs,158800
የሥራ ቦታ,hahujobs,"**Driver VI (High Bed ****/Low**** Bed)**#ethiopian_engineering_corporation#transportation_and_logistics#Addis_Ababa10 ኛ ክፍል/12ተኛ ክፍል ያጠናቀቀ እና 5ተኛ ደረጃ መንጃ ፈቃድ ያለው አግባብ ከሆነ የስራ ልምድ ጋርዋና ሀላፊነቶች- ተሽከርካሪን በጥንቃቄ መንዳት- ጭነትን መጫን፣ መውረድና መጠንቀቅ- ከመጓጓዝ በፊትና በሀላ ተሽከርካሪ መመርመር- የጭነት ሰነዶችን መሙላትና መያዝ- ከሎጂስቲክስ እና ከቢሮ ጋር መግናኘት- የመንገድ ደህንነት ህጐችን መከተል- ቀላል የመኪና ጥገና ማድረግ**Quanitity Required**: 10**Minimum Years Of Experience**: #10_years**Deadline:** March 27, 2026**How To Apply:** የማመልከቻ መመርያ፡ከላይ ያሉትን መስፈርቶች የምታሟሉ ",ተዛማጅ ክህሎቶች,💻 ቴክኖሎጂ,ጀማሪ,2026-03-19,@hahujobs,158797
የሥራ ቦታ,hahujobs,"**Driver I**#ethiopian_engineering_corporation#transportation_and_logistics#Addis_Ababa12ኛ ክፍል ያጠናቀቀ እና 3ተኛ ደረጃ መንጃ ፈቃድ ያለው አግባብ ከሆነ የስራ ልምድ ጋርዋና ሀላፊነቶች- ተሽከርካሪን በጥንቃቄ መንዳት- ከመጓጓዝ በፊትና በሀላ ተሽከርካሪ መመርመር- የጭነት ሰነዶችን መሙላትና መያዝ- ከሎጂስቲክስ እና ከቢሮ ጋር መግናኘት- የመንገድ ደህንነት ህጐችን መከተል- ቀላል የመኪና ጥገና ማድረግ**Quanitity Required**: 10**Minimum Years Of Experience**: #2_years**Maximum Years Of Experience**: #6_years**Deadline:** March 27, 2026**How To Apply:** ከላይ ያሉትን መስፈርቶች የምታሟሉ አመልካቾች፣ የትምህርት ማስረጃችሁን እና የስራ ልምዳች",ተዛማጅ ክህሎቶች,💻 ቴክኖሎጂ,ጀማሪ,2026-03-19,@hahujobs,158796
የሥራ ቦታ,hahujobs,**Driver V**#ethiopian_engineering_corporation#transportation_and_logistics#Addis_Ababa12ተኛ ክፍል ያጠናቀቀ እና ልዩ መንጃ ፈቃድ ያለው አግባብ ከሆነ የስራ ልምድ ጋርዋና ሀላፊነቶች- አስቸኳይ ምርመራ እና አስተዳደር እንዲኖረው መንገዶችን በትክክል መከታተል እና የነዳጅ አጠቃቀም እንዲቀነስ ማድረግ።- ከጉዞ በፊት እና ከጉዞ በሀላ መኪናዎችን መፈተሽ- ሁሉንም የመንገድ ህጐች፣ ደህንነት ደንቦች እና የድርጅቱን ፖሊሲዎች መከታተል።- የተመደቡትን መኪናዎች ንጹህ እንዲሆኑ እና በትክክል እንዲጠበቁ ማረጋገጥ፡፡- ከመጓጓዝ በፊትና በሀላ ተሽከርካሪ መመርመር- የጭነት ሰነዶችን መሙላትና መያዝ- ከሎጂስቲክስ እና ከቢሮ ጋር መግናኘት**Quanitity Required**: 10**Minimum Years Of Experience**: #4_years**,ተዛማጅ ክህሎቶች,💻 ቴክኖሎጂ,ጀማሪ,2026-03-19,@hahujobs,158795
የሥራ ቦታ,hahujobs,"**Driver IV**#ethiopian_engineering_corporation#transportation_and_logistics#Addis_Ababa12ተኛ ክፍል ያጠናቀቀ እና 4ተኛ ደረጃ መንጃ ፈቃድ ያለው አግባብ ከሆነ የስራ ልምድ ጋርዋና ሀላፊነቶች- ተሽከርካሪን በጥንቃቄ መንዳት- ከመጓጓዝ በፊትና በሀላ ተሽከርካሪ መመርመር- የጭነት ሰነዶችን መሙላትና መያዝ- ከሎጂስቲክስ እና ከቢሮ ጋር መግናኘት- የመንገድ ደህንነት ህጐችን መከተል- ቀላል የመኪና ጥገና ማድረግ**Quanitity Required**: 10**Minimum Years Of Experience**: #2_years**Maximum Years Of Experience**: #6_years**Deadline:** March 27, 2026**How To Apply:** ከላይ ያሉትን መስፈርቶች የምታሟሉ አመልካቾች፣ የትምህርት ማስረጃችሁን እና የስራ ልም",ተዛማጅ ክህሎቶች,💻 ቴክኖሎጂ,ጀማሪ,2026-03-19,@hahujobs,158794
የሥራ ቦታ,hahujobs,"**Project Manager**#mers_consulting_and_construction_plc#engineering#Addis_AbabaBachelor's Degree In Civil Engineering, Construction Management, or with related field of study with relevant work experience.Duties & Responsibilities:- Lead and manage overall site execution to ensure works progress according to approved schedules, specifications, and project targets- Monitor project schedules, daily progress, and resource utilization to maintain delivery targets- Oversee subcontractor performance ",communication,💻 ቴክኖሎጂ,ጀማሪ,2026-03-19,@hahujobs,158793
የሥራ ቦታ,gmail,"**Sales Person**#furniture_village_plc#business#Addis_AbabaBachelor's Degree or Diploma in Marketing Management, Marketing & Salesmanship or with related field of study with relevant work experience.Duties & Responsibilities:- Welcome and assist customers in the showroom and provide product information.- Promote and sell furniture products to meet or exceed sales targets.- Maintain strong customer relationships and ensure customer satisfaction.- Prepare quotations, invoices, and follow up on pay",ተዛማጅ ክህሎቶች,💻 ቴክኖሎጂ,ጀማሪ,2026-03-19,@hahujobs,158792
የሥራ ቦታ,hahujobs,"**Assistant Transistor**#ocean_logistics_and_trading_plc#transportation_and_logisticsDegree or Diploma in any field of study with relevant work experienceDuties & Responsibilities:- Assist in preparing transit and customs documentation.-Support cargo clearance and shipment tracking.- Coordinate with customs authorities, freight forwarders, and transport companies.- Maintain records of shipment documents and logistics activities.- Assist in handling bill of lading, invoices, packing lists, and pe",ተዛማጅ ክህሎቶች,💻 ቴክኖሎጂ,ጀማሪ,2026-03-19,@hahujobs,158791
የሥራ ቦታ,policies.**Quanitity Required**: 5**Minimum Years ,"**Sales Officer**#pacific_afr_import_and_export#business#Addis_AbabaBachelor's of Art Degree Marketing or in any related field of study with relevant work experienceGender : Female Applicants OnlyDuties & Responsibilities:- Ability to achieve sales targets.- Implement Customer Follow- up- Maintain good relationships with clients.- Commitment to official working hours and company policies.**Quanitity Required**: 5**Minimum Years Of Experience**: #1_years**Deadline:** March 31, 2026**How To Apply:",ተዛማጅ ክህሎቶች,💻 ቴክኖሎጂ,ጀማሪ,2026-03-19,@hahujobs,158790
የሥራ ቦታ,financial and accounting transactions.- Prepare in,"**Account Specialist**#pacific_afr_import_and_export#finance#Addis_AbabaBachelor of Art in Accounting, Finance, or in any related field of study with relevant work experienceDuties & Responsibilities:- Record and monitor all company financial and accounting transactions.- Prepare invoices and ensure they match financial data.- Follow up on payments and receivables, and review customer and supplier accounts.- Prepare monthly and annual financial reports.- Assist in preparing budgets and cash flow",ተዛማጅ ክህሎቶች,💻 ቴክኖሎጂ,ጀማሪ,2026-03-19,@hahujobs,158789
የሥራ ቦታ,pacificafr,**Sales Promoter**#pacific_afr_import_and_export#business#Addis_AbabaBachelor's degree or Diploma (preferred) in any related field of study with relevant work experienceDuties & Responsibilities:- Promote the company's products and increase brand awareness.- Attract customers and explain product features professionally.- Achieve assigned sales targets.- Build and maintain good relationships with customers.- Ensure attractive product display and arrangement.- Prepare regular sales reports.**Quani,ተዛማጅ ክህሎቶች,💻 ቴክኖሎጂ,ጀማሪ,2026-03-19,@hahujobs,158788
የሥራ ቦታ,gmail,"**Technical Officer**#bio_safe_trading_plc#engineering#Addis_AbabaBachelor's Degree in Biomedical Engineering, Chemical Engineering, Computer Engineering, Mechanical Engineering or in a related field of study with relevant work experience.Duties & Responsibilities:- Provide administrative and office support- Prepare, draft, and manage documents and correspondence in English- Assist with coordination of daily office activities- Handle phone calls, emails, and inquiries professionally- Support man",ተዛማጅ ክህሎቶች,💻 ቴክኖሎጂ,ጀማሪ,2026-03-19,@hahujobs,158787
የሥራ ቦታ,hahujobs,"**Ethiopia Chief of Staff (Renewable)**#one_acre_fund#business#Bahir_Dar | #Addis_AbabaBachelor's Degree In Public Relation, Human Resource Management with related field of study with relevant work experience.Duties & Responsibilities:- Manage the People Operations Lead (managing HR admin, Finance admin, compliance, and Corporate Operations), HSS team, and Communication team, ensuring- Clear goals, accountability, and performance management- Strong delivery on core administrative, compliance, an",communication,💻 ቴክኖሎጂ,ጀማሪ,2026-03-19,@hahujobs,158786
የሥራ ቦታ,gmail,"**Technical Officer**#bio_safe_trading_plc#engineering#Addis_AbabaBachelor's Degree in Biomedical Engineering, Chemical Engineering, Computer Engineering, Mechanical Engineering or in a related field of study with relevant work experience.Duties & Responsibilities:- Provide administrative and office support- Prepare, draft, and manage documents and correspondence in English- Assist with coordination of daily office activities- Handle phone calls, emails, and inquiries professionally- Support man",ተዛማጅ ክህሎቶች,💻 ቴክኖሎጂ,ጀማሪ,2026-03-18,@hahujobs,158785
የሥራ ቦታ,gmail,"**Sales Person**#furniture_village_plc#business#Addis_AbabaBachelor's Degree or Diploma in Marketing Management, Marketing & Salesmanship or with related field of study with relevant work experience.Duties & Responsibilities:- Welcome and assist customers in the showroom and provide product information.- Promote and sell furniture products to meet or exceed sales targets.- Maintain strong customer relationships and ensure customer satisfaction.- Prepare quotations, invoices, and follow up on pay",ተዛማጅ ክህሎቶች,💻 ቴክኖሎጂ,ጀማሪ,2026-03-18,@hahujobs,158784
የሥራ ቦታ,effhealthcare,"**Biomedical Engineer**#eff#engineering#Addis_AbabaBachelor's Degree In Biomedical Engineering With related field of study with relevant work experience.Duties & Responsibilities:- Deal with suppliers and select appropriate medical equipment for import.- Fill out, prepare, and submit medical equipment tenders accurately and on time.- Provide maintenance and technical support for medical equipment to customers after sale.- Inspect, install, and calibrate medical equipment to ensure proper functio",ተዛማጅ ክህሎቶች,💻 ቴክኖሎጂ,ጀማሪ,2026-03-18,@hahujobs,158783
የሥራ ቦታ,products/services to prospects in a clear and enga,**Sales and Marketing representative **#ahadu_digital_technologies#business#Addis_AbabaHigh school diploma required; additional education is an advantage with relevant work of experience.Duties & Responsibilities:- Make outbound cold calls daily to potential customers based on targeted leads.- Introduce and explain company products/services to prospects in a clear and engaging manner.- Identify customer needs and recommend the best solutions.- Qualify leads and schedule appointments for the sale,ተዛማጅ ክህሎቶች,💻 ቴክኖሎጂ,ጀማሪ,2026-03-18,@hahujobs,158782
የሥራ ቦታ,marmadesteel,**ዳታ ኢንኮደር **#mar_made_steel_trading_plc#ict#Addis_Ababa12ኛ ክፍል ወይም በማንኛውም የትምህርት መስክ ዲፕሎማ ያለው/ላት ተዛማጅ ከሆነ የስራ ልምድ ጋርዋና ሀላፊነቶች- ፕሮፎርማዎችን፣ ደብዳቤዎችን፣ ማስታወሻዎችን (memos)፣ ሪፖርቶችን እና ኢሜይሎችን ጨምሮ ልዩ ልዩ ሰነዶችን በትክክል ማርቀቅ፣ ማዘጋጀት፣ ለተገቢው ቦታ ማቅረብ መመዝገብ እና ማቀነባበር።- ገቢ እና ወጪ ደብዳቤዎችን፣ እንዲሁም የፖስታ እና የፋይል አያያዝ እና አቀራረብ አገልግሎቶችን ማስተዳደር።- ቋሚ እቃ እና ኤሌክትሮኒክስ ፋይሎችን እና መዝገቦችን በስርአት እና ቀልጣፋ በሆነ መንገድ ማደራጀት፣ መያዝ እና መልሶ ማግኘት።- የሁሉም መረጃዎች እና ሚስጥራዊ የሆኑ ጉዳዮች ደህንነትን፣ ትክክለኛነትን እና ሚስጥራዊነትን ማረጋገጥ።- በከፍተኛ ጥንቃቄ እና ትክክለኛነት መረጃዎችን ወደ ሲስ,data,💻 ቴክኖሎጂ,ጀማሪ,2026-03-18,@hahujobs,158781
የሥራ ቦታ,gmail,"**Senior Finance Manager / Chief Financial Officer (CFO) – Manufacturing & Project **#atta_trading_plc#finance#Addis_AbabaBachelor's degree in Finance, Accounting, or Manufacturing With related field of study with relevant work experience.Duties & Responsibilities:- Establish and improve the company's full financial system (accounting, cost control, budgeting, reporting).- Manage all financial activities, including cash flow, AR/AP, payroll, tax, banking, and audit.- Provide financial support fo",ተዛማጅ ክህሎቶች,💻 ቴክኖሎጂ,ጀማሪ,2026-03-18,@hahujobs,158779
የሥራ ቦታ,hahujobs,"**Design Coordinator - Bridge Structure Engineer( Vacancy Code-Hahu Design/064/2026)**#ethiopian_engineering_corporation#engineering#Addis_AbabaBachelor's degree in Civil Engineering, Structural Engineering, Construction Engineering or in a related field of study with relevant work experienceDuties & Responsibilities:- Oversee geotechnical investigations and integrate findings into design solutions.- Review and approve detailed engineering drawings and BOQs.- Ensure compliance with national and ",ተዛማጅ ክህሎቶች,💻 ቴክኖሎጂ,ጀማሪ,2026-03-18,@hahujobs,158778
የሥራ ቦታ,hahujobs,"**Senior BIM Modeler (Architect) (Vacancy code- Hahu Design /065/2026)**#ethiopian_engineering_corporation#engineering#Addis_AbabaBachelor of Science Degree in Architecture, Civil Engineering, Electrical Engineering, or Mechanical Engineering or a related field of study.Duties & Responsibilities:- Provide CAD drafting/BIM modeling and design support.- Provide structural design models & statistical reports.- Coordinate and manage Revit models- Create Revit families and CAD blocks**Quanitity Requi",ተዛማጅ ክህሎቶች,💻 ቴክኖሎጂ,ጀማሪ,2026-03-18,@hahujobs,158777
የሥራ ቦታ,hahujobs,"**Driver VI (High Bed ****/Low**** Bed)**#ethiopian_engineering_corporation#transportation_and_logistics#Addis_Ababa10 ኛ ክፍል/12ተኛ ክፍል ያጠናቀቀ እና 5ተኛ ደረጃ መንጃ ፈቃድ ያለው አግባብ ከሆነ የስራ ልምድ ጋርዋና ሀላፊነቶች- ተሽከርካሪን በጥንቃቄ መንዳት- ጭነትን መጫን፣ መውረድና መጠንቀቅ- ከመጓጓዝ በፊትና በሀላ ተሽከርካሪ መመርመር- የጭነት ሰነዶችን መሙላትና መያዝ- ከሎጂስቲክስ እና ከቢሮ ጋር መግናኘት- የመንገድ ደህንነት ህጐችን መከተል- ቀላል የመኪና ጥገና ማድረግ**Quanitity Required**: 10**Minimum Years Of Experience**: #10_years**Deadline:** March 27, 2026**How To Apply:** የማመልከቻ መመርያ፡ከላይ ያሉትን መስፈርቶች የምታሟሉ ",ተዛማጅ ክህሎቶች,💻 ቴክኖሎጂ,ጀማሪ,2026-03-18,@hahujobs,158776
የሥራ ቦታ,hahujobs,"**Driver I**#ethiopian_engineering_corporation#transportation_and_logistics#Addis_Ababa12ኛ ክፍል ያጠናቀቀ እና 3ተኛ ደረጃ መንጃ ፈቃድ ያለው አግባብ ከሆነ የስራ ልምድ ጋርዋና ሀላፊነቶች- ተሽከርካሪን በጥንቃቄ መንዳት- ከመጓጓዝ በፊትና በሀላ ተሽከርካሪ መመርመር- የጭነት ሰነዶችን መሙላትና መያዝ- ከሎጂስቲክስ እና ከቢሮ ጋር መግናኘት- የመንገድ ደህንነት ህጐችን መከተል- ቀላል የመኪና ጥገና ማድረግ**Quanitity Required**: 10**Minimum Years Of Experience**: #2_years**Maximum Years Of Experience**: #6_years**Deadline:** March 27, 2026**How To Apply:** ከላይ ያሉትን መስፈርቶች የምታሟሉ አመልካቾች፣ የትምህርት ማስረጃችሁን እና የስራ ልምዳች",ተዛማጅ ክህሎቶች,💻 ቴክኖሎጂ,ጀማሪ,2026-03-18,@hahujobs,158775
የሥራ ቦታ,hahujobs,"**Driver IV**#ethiopian_engineering_corporation#transportation_and_logistics#Addis_Ababa12ተኛ ክፍል ያጠናቀቀ እና 4ተኛ ደረጃ መንጃ ፈቃድ ያለው አግባብ ከሆነ የስራ ልምድ ጋርዋና ሀላፊነቶች- ተሽከርካሪን በጥንቃቄ መንዳት- ከመጓጓዝ በፊትና በሀላ ተሽከርካሪ መመርመር- የጭነት ሰነዶችን መሙላትና መያዝ- ከሎጂስቲክስ እና ከቢሮ ጋር መግናኘት- የመንገድ ደህንነት ህጐችን መከተል- ቀላል የመኪና ጥገና ማድረግ**Quanitity Required**: 10**Minimum Years Of Experience**: #2_years**Maximum Years Of Experience**: #6_years**Deadline:** March 27, 2026**How To Apply:** ከላይ ያሉትን መስፈርቶች የምታሟሉ አመልካቾች፣ የትምህርት ማስረጃችሁን እና የስራ ልም",ተዛማጅ ክህሎቶች,💻 ቴክኖሎጂ,ጀማሪ,2026-03-18,@hahujobs,158774
የሥራ ቦታ,hahujobs,**Driver V**#ethiopian_engineering_corporation#transportation_and_logistics#Addis_Ababa12ተኛ ክፍል ያጠናቀቀ እና ልዩ መንጃ ፈቃድ ያለው አግባብ ከሆነ የስራ ልምድ ጋርዋና ሀላፊነቶች- አስቸኳይ ምርመራ እና አስተዳደር እንዲኖረው መንገዶችን በትክክል መከታተል እና የነዳጅ አጠቃቀም እንዲቀነስ ማድረግ።- ከጉዞ በፊት እና ከጉዞ በሀላ መኪናዎችን መፈተሽ- ሁሉንም የመንገድ ህጐች፣ ደህንነት ደንቦች እና የድርጅቱን ፖሊሲዎች መከታተል።- የተመደቡትን መኪናዎች ንጹህ እንዲሆኑ እና በትክክል እንዲጠበቁ ማረጋገጥ፡፡- ከመጓጓዝ በፊትና በሀላ ተሽከርካሪ መመርመር- የጭነት ሰነዶችን መሙላትና መያዝ- ከሎጂስቲክስ እና ከቢሮ ጋር መግናኘት**Quanitity Required**: 10**Minimum Years Of Experience**: #4_years**,ተዛማጅ ክህሎቶች,💻 ቴክኖሎጂ,ጀማሪ,2026-03-18,@hahujobs,158773
የሥራ ቦታ,gmail,"**Finance Manager**#snfd_bakery_plc#finance#Addis_AbabaBachelor's Degree or Masters in Accounting or Finance with related field of study with relevant work experience.Duties & Responsibilities:- CNET ERP Super-User: Act as the primary administrator for the CNET ERP system. You will optimize appropriate modules and ensure the system is providing up to date report.- IFRS Financial Reporting: Prepare and oversee monthly, quarterly, and annual financial statements following IFRS.- Internal Controls:",ተዛማጅ ክህሎቶች,💻 ቴክኖሎጂ,ጀማሪ,2026-03-18,@hahujobs,158772
የሥራ ቦታ,gmail,"**Branch Coordinator**#snfd_bakery_plc#business#Addis_Ababaድግሪ ወይም ዲኘሎማ በሆቴል ማናጅመንት በማርኬቲንግ ማናጅመንት ቢዝነስ አድሚንስትሬሽን ያለው/ያላት አግባብ ከሆነ የስራ ልምድ ጋርዋና ዋና ሀላፊነቶች - እለታዊ ኦፕሬሽኖች ማስተባበር እና የስራ እንቅስቃሴ በትክክል እንዲፈጸም ማረጋገጥ።- የቅርንጫፉን ሰነዶች እና መዝገቦች በትክክል ማደራጀት እና መጠበቅ።- የደንበኞችን ጥያቄዎች፣ አቤቱታዎች እና አገልግሎት ጉዳዮች በሙያዊ መንገድ መመልስ።ክህሎት- መሰረታዊ የኮምፒውተር እውቀት ያለው/ያላት- የእንግሊዝኛ ቋንቋ ቢችል ይመረጣል**Quanitity Required**: 4**Minimum Years Of Experience**: #1_years**Maximum Years Of Experience**: #2_years**Deadline:** March 21, 2026**Ho","computer, marketing",💻 ቴክኖሎጂ,ጀማሪ,2026-03-18,@hahujobs,158771
የሥራ ቦታ,hahujobs,"**Project Manager**#mers_consulting_and_construction_plc#engineering#Addis_AbabaBachelor's Degree In Civil Engineering, Construction Management, or with related field of study with relevant work experience.Duties & Responsibilities:- Lead and manage overall site execution to ensure works progress according to approved schedules, specifications, and project targets- Monitor project schedules, daily progress, and resource utilization to maintain delivery targets- Oversee subcontractor performance ",communication,💻 ቴክኖሎጂ,ጀማሪ,2026-03-18,@hahujobs,158770
የሥራ ቦታ,ኩባንያ,"**Senior HR Officer****__at A Two ElectroMechanical__****Categories:** #HumanResource #Recruitment #Business #Administration #SocialSciences #CommunityService**Location:** Addis Ababa**Deadline:** Apr 08, 2026**Career Level:** Executive(VP, Director)**Experience Level:** 8-12 years**Number of people required:** 1**Requirements:**• QualificationsBachelor's degree in HRM, Business Administration, or related field 8+ years' experience in HR, preferably in construction or electromechanical projectsC",communication,💻 ቴክኖሎጂ,ጀማሪ,2026-03-19,@ethiojobsofficial,7160
የሥራ ቦታ,ኩባንያ,"**Senior Accountant****__at Winbarg Business__****Categories:** #Accounting #Finance #SocialSciences #CommunityService**Location:** Addis Ababa**Deadline:** Apr 18, 2026**Career Level:** Senior(5-8 years)**Experience Level:** 8-12 years**Number of people required:** 1**Requirements:**• Educational Qualification:Bachelor's degree in Accounting, Finance, or a related field.A professional certification such as ACCA, CPA, or CIMA is preferred.A Master's degree in Accounting, Finance, or Business Adm",excel,💻 ቴክኖሎጂ,ጀማሪ,2026-03-19,@ethiojobsofficial,7157
የሥራ ቦታ,ኩባንያ,"**Junior HR Expert****__at Winbarg Business__****Categories:** #HumanResource #Recruitment #Business #Administration #SocialSciences #CommunityService**Location:** Addis Ababa**Deadline:** Apr 18, 2026**Career Level:** Junior Level(1-3 years)**Number of people required:** 1**Requirements:**• Qualifications:Education:Bachelor's degree in Human Resources, Business Administration, Psychology or related fieldExperience:Minimum of 2 years of experience in an HR-related role, preferably in recruitment","excel, communication",💻 ቴክኖሎጂ,ጀማሪ,2026-03-19,@ethiojobsofficial,7156
የሥራ ቦታ,ኩባንያ,"**Female Health Officer / Senior Nurse – Supervisor, Women's Cancer Care House****__at Talent Search - Ethiojobs__****Categories:** #HealthCare**Location:** Hawassa**Deadline:** Apr 19, 2026**Career Level:** Mid Level(3-5 years)**Experience Level:** 3-5 years**Number of people required:** 1**Requirements:**• RequirementsBachelor's Degree in Public Health or BSc/MSc in NursingValid professional license in EthiopiaMinimum 2 years of relevant experienceExperience in supervision and patient careStro",communication,💻 ቴክኖሎጂ,ጀማሪ,2026-03-19,@ethiojobsofficial,7152
የሥራ ቦታ,ኩባንያ,Your next job is waiting.Apply on EthioJobs and take the next step in your career.🎥 Watch the full tutorial on YouTube.https://youtu.be/Tui3A_utld4?si=6FugYZ5JuFS9627l#EthioJobs #CareerGrowth #JobSearch,ተዛማጅ ክህሎቶች,💻 ቴክኖሎጂ,ጀማሪ,2026-03-18,@ethiojobsofficial,7148
የሥራ ቦታ,ኩባንያ,[ New ] Job by Engineering Corporation of Oromia 18-March 2026I𝗻𝘁𝗲𝗿𝗻𝗮𝗹 & 𝗘𝘅𝘁𝗲𝗿𝗻𝗮𝗹 𝗩𝗮𝗰𝗮𝗻𝗰𝘆 𝗔𝗻𝗻𝗼𝘂𝗻𝗰𝗲𝗺𝗲𝗻𝘁Engineering Corporation of Oromia would like to invite qualified and competent professionals on the following positions1. Senior Irrigation and Drainage Engineer2. Senior Dam Engineer3. Electrical Engineer4. Structural Engineer5. Sanitary Engineer (SE-05)6. Sanitary Engineer (SE-06)7. Drafts Person8. Environmentalist9. Socio Economist10. Senior Livestock Expert11. Sociologist12. Senior Dam Engin,ተዛማጅ ክህሎቶች,💻 ቴክኖሎጂ,ጀማሪ,2026-03-18,@elelanjobs,146
የሥራ ቦታ,ኩባንያ,"[ Fresh Graduates ] Job by United Nation OHCHR 16-March 2026 Position: Intern – Addis Ababa, Ethiopia■ Qualifications:a) Be enrolled in, or have completed, a graduate school programme (second university degree or equivalent, or higher); or,b) Be enrolled in, or have completed, the final academic year of a first university degree programme (minimum bachelor's level or equivalentc) Be enrolled in a graduate school programme (i.e. Master's degree or equivalent degree, or higher) or have completed a",ተዛማጅ ክህሎቶች,💻 ቴክኖሎጂ,ጀማሪ,2026-03-16,@elelanjobs,145
የሥራ ቦታ,ኩባንያ,"[ New ] Job by Tsehay Bank 16-March 20261: Junior Customer Service Officer2: Customer Service Officer3: Senior Customer Service Officer I 4: Senior HRM Officer5: Senior Research and Development Officer6: Senior Planning, Monitoring and Evaluation Officer7: Principal Digital Banking Operation OfficerHow to Apply https://elelanjobs.com/job/tsehay-bank-s-c-job-vacancy-2026/Deadline : March 20, 2026",ተዛማጅ ክህሎቶች,💻 ቴክኖሎጂ,ጀማሪ,2026-03-16,@elelanjobs,144
የሥራ ቦታ,ኩባንያ,"[ New ] Job by Temer Properties 16-March 20261: Junior Sales Representative🔻People required: 602: Sales Supervisor🔻People required: 63: Telemarketer🔻People required: 24: Digital Marketing and AD Specialist5: Videographer and Video Editor🔻People required: 36: Graphic DesignerHow to Apply https://elelanjobs.com/job/temer-properties-job-vacancy-2026/Deadline : March 23, 2026",ተዛማጅ ክህሎቶች,💻 ቴክኖሎጂ,ጀማሪ,2026-03-16,@elelanjobs,143
የሥራ ቦታ,ኩባንያ,[ New ] Job by Dynamic Microfinance Institution 16-March 2026Position 1: Cashier Level IQualification: Diploma/ level 4 in Accounting and FinanceExperience: 0 yearPosition 2: Accountant Level IQualification: BA/Diploma Diploma/ level 4 in Accounting and FinanceExperience: 0 yearPosition 3: Customer Service Officer Level IQualification: B.A/Diploma Diploma/ level 4 in in Marketing/Business Management/ Communication relatedExperience: 0 yearPosition 4: Branch Manager IQualification: B.A/Diploma in,communication,💻 ቴክኖሎጂ,ጀማሪ,2026-03-16,@elelanjobs,142
የሥራ ቦታ,ኩባንያ,"[ New ] Job by Rammis Bank 13-March 2026Req. No 25BA degree in Accounting& Finance, Management,Economics, BusinessAdministration, or other-related fields.How to Apply https://elelanjobs.com/job/business-jobs-at-rammis-bank-march-2026/Deadline : March 22, 2026",ተዛማጅ ክህሎቶች,📊 ቢዝነስ,ጀማሪ,2026-03-15,@elelanjobs,141
የሥራ ቦታ,ኩባንያ,"[ New ] Job by Rammis Bank 13-March 2026Req. No 25BA degree in Accounting& Finance, Management,Economics, BusinessAdministration, or other-related fields.How to Apply https://elelanjobs.com/job/business-jobs-at-rammis-bank-march-2026/Deadline : March 22, 2026",ተዛማጅ ክህሎቶች,📊 ቢዝነስ,ጀማሪ,2026-03-15,@elelanjobs,140
የሥራ ቦታ,ኩባንያ,"[ New ] Jobs by Adwa Dil Micro Finance Institution – 9-March 20261.CUSTOMER SERVICE OFFICER (TELLER) I2.IT SUPPORT OFFICER I3.BRANCH ACCOUNTANT I4.BRANCH MANAGER IHow to Apply https://elelanjobs.com/job/jobs-by-adwa-dil-micro-finance-institution-9-march-2026/Deadline :March 14, 2026",ተዛማጅ ክህሎቶች,💻 ቴክኖሎጂ,ጀማሪ,2026-03-10,@elelanjobs,139
የሥራ ቦታ,ኩባንያ,"[ NGO ] Jobs by Positive Action for Development 8-March 20261.CCCM Project CoordinatorBachelor's Degree in Sociology, Management, Humanitarian Studies, Disaster Risk Management (DRM), Community Development, or related field from an accredited institution. 2.CCCM Outreach Social WorkerBA/Diploma in Social Work, Sociology, Psychology, Community Development, or related field from an accredited institution.3.Field Monitoring, Evaluation, Reporting, and Learning (MERL) OfficerBachelor's or Master's d",ተዛማጅ ክህሎቶች,💻 ቴክኖሎጂ,ጀማሪ,2026-03-08,@elelanjobs,135
የሥራ ቦታ,ኩባንያ,"[ New ] Jobs by Dodai Manufacturing Plc 8-March 20261.Junior Assembly TechnicianBachelor's degree in Mechanical Engineering, Industrial Engineering or closely related fields or TVET graduate in relevant field2.Junior Customer Experience OfficerBachelor's degree in Marketing Management, Business, Customer Service Management, or related field.How to Apply https://elelanjobs.com/job/jobs-by-dodai-manufacturing-plc-8-march-2026/Deadline :March 17, 2026",ተዛማጅ ክህሎቶች,📌 አጠቃላይ,ጀማሪ,2026-03-08,@elelanjobs,134
የሥራ ቦታ,ኩባንያ,"[114 Fresh Graduates ] Jobs by Ethiopian Engineering Corporation November 2025Number of people required : 114BSC in civil engineering or construction managementBsc in Architecture.BSC. degree in Purchasing and Supplies Management and/or other relevant disciplines preferably such as procurement, business administration or related.How to Applyhttps://elelanjobs.com/job/business-and-engineering-jobs-by-ethiopian-engineering-corporation/Deadline : December 7, 2025",ተዛማጅ ክህሎቶች,💻 ቴክኖሎጂ,ጀማሪ,2025-11-28,@elelanjobs,128
የሥራ ቦታ,ኩባንያ,[ 445 Fresh Graduates & Exp ] Jobs by Addis Ababa City Administration Revenue Bureau November 20251.Sales Register and Receipt Usage Control Specialist I2.Electronic Tax Filing Monitoring Specialist I3.Electronic Tax Collection and Monitoring Specialist I4.Electronic Transaction Tax Collection Monitoring Specialist I5.Education and Training Specialist I6.Library Service Specialist I7.Information Specialist I8.Data Encoder Specialist I9.Tax Base Reform Specialist I10.Construction Cost Estimator a,ተዛማጅ ክህሎቶች,💻 ቴክኖሎጂ,ጀማሪ,2025-11-23,@elelanjobs,127
የሥራ ቦታ,ኩባንያ,"[Fresh Graduates ] Jobs by Ethiotelecom November 2025Marketing, Business Management or Sales or Business Administration or Related field of studyElectrical/Electronic Equipment Servicing Management, Building Electrical Installation, Electrical /Electronic Technology, Mechatronics and Instrument Servicing Management, Instrument and Control Servicing, Mechatronics and machine servicing management, Industrial Electrical Machine and Drives Technology, Mechanics and Instrumentation Servicing Manageme",communication,💻 ቴክኖሎጂ,ጀማሪ,2025-11-21,@elelanjobs,125
የሥራ ቦታ,ኩባንያ,"[ New ] Jobs by Commercial bank of Ethiopia November 2025Salary: As per the Bank's Salary scaleDuty station: Under Head OfficeHow to Apply https://elelanjobs.com/job/jobs-by-commercial-bank-of-ethiopia-november-2025/Deadline : November 23, 2025",ተዛማጅ ክህሎቶች,📌 አጠቃላይ,ጀማሪ,2025-11-21,@elelanjobs,124
የሥራ ቦታ,ኩባንያ,"[ 221 Positions Fresh Graduates and Exp ] Jobs by Ethio Djibouti Railway November 2025Total Required: 221 Positions1. Team Leader, Machinery, Equipment and plant operation and administration Team2. Construction Engineer III3. Construction Engineer II4. Material Engineer II5. Senior Human Resource Development Expert6. Senior Construction Material Engineer7. Senior Materials' Laboratory Technician8. Junior Materials' Laboratory Technician9. Electro-Mechanical systems Technician10. Dump (Sino) Truc",ተዛማጅ ክህሎቶች,💻 ቴክኖሎጂ,ጀማሪ,2025-11-21,@elelanjobs,123
የሥራ ቦታ,ኩባንያ,[ Fresh Graduates ] Jobs by Rammis Bank November 2025Educational Qualification: BA Degree in a Business-related field.Addis Ababa & Surrounding Areas:Mercato Branch (Sidamo Tera)Mercato Branch (Dubai Tera)Aderesefer Branch (Berberetera)Al-Aqsa Branch (Betel)Kolfe Branch (Atanatera)Bole Jafer Branch (Bole Michael)Bole Bulbula BranchFinfinne Branch (Flamingo)Bilal Branch (Ehil Berenda)Furi BranchRegional Branches:Halaba BranchButajira BranchWelkitie BranchWerabe BranchIf you are a recent graduate ,ተዛማጅ ክህሎቶች,💻 ቴክኖሎጂ,ጀማሪ,2025-11-21,@elelanjobs,122
የሥራ ቦታ,ኩባንያ,"[ New ] Jobs by Nisir Microfinance November 2025Bachelor's degree in Economics, Accounting, Business Administration, Business Information Systems, or related fields. Experience:Fresh graduates only – no prior experience requiredHow to Apply - https://elelanjobs.com/job/graduate-trainee-jobs-by-nisir-microfinance-november-2025/Deadline : November 08- 2025",ተዛማጅ ክህሎቶች,📌 አጠቃላይ,ጀማሪ,2025-11-07,@elelanjobs,120
የሥራ ቦታ,ኩባንያ,"[ New ] Jobs by Harbu Microfinance Institution November 20251: OFFICER, INTERNAL AUDITOR2: DIGITAL SERVICE OPERATION MANAGER3: SENIOR PLANNING AND MARKETING OFFICERS4: MANAGER PLANNING AND MARKETING5: MANAGER RESOURCE MOBILIZATION6: ADMINISTRATIVE AND GENERAL SERVICE OFFICER7: DIRECTOR, INFORMATION TECHNOLOGY AND DIGITAL SERVICE8: MANAGER HUMAN RESOURCE9: EXECUTIVE ASSISTANT TO THE CEO10: DIRECTOR ,HR & ADMINISTRATIONHow to Apply - https://elelanjobs.com/job/jobs-by-harbu-microfinance-institutio",ተዛማጅ ክህሎቶች,💻 ቴክኖሎጂ,ጀማሪ,2025-11-07,@elelanjobs,119
የሥራ ቦታ,ኩባንያ,[ New ] Jobs by Oromia Bank November 2025Architectural Engineering/Civil Engineering/Construction Technology and Management or other related fields of studyHow to Apply - https://elelanjobs.com/job/jobs-by-oromia-bank-november-2025/,ተዛማጅ ክህሎቶች,💻 ቴክኖሎጂ,ጀማሪ,2025-11-07,@elelanjobs,118
የሥራ ቦታ,ኩባንያ,[ New ] Jobs by Global Bank Ethiopia November 2025BA/BSc in Accounting/Business Management/ Management/Computer Science or related fields.How to Apply - https://elelanjobs.com/job/jobs-by-global-bank-ethiopia-november-2025/Deadline : November 10- 2025,ተዛማጅ ክህሎቶች,📌 አጠቃላይ,ጀማሪ,2025-11-07,@elelanjobs,117
የሥራ ቦታ,ኩባንያ,"[ New ] Jobs by Kifiya Financial Technologies November 2025Fresh Graduates Bachelor's in Economics, Statistics, Data Science, Information Systems, Development Studies, or related.How to Apply - https://elelanjobs.com/job/merl-intern-by-kifiya-financial-technologies-november-2025/Deadline : November 11- 2025",ተዛማጅ ክህሎቶች,📌 አጠቃላይ,ጀማሪ,2025-11-05,@elelanjobs,116
የሥራ ቦታ,ኩባንያ,"[ New NGO ] Jobs by GOAL Ethiopia November 20251.Finance Manager - JEOPBA in Accounting, Finance and Business Administration or related field2.Project ManagerBSC in Public Health and Nursing3.Logistics, Admin and Finance OfficerBA/Diploma in Accounting or related fieldHow to Apply - https://elelanjobs.com/job/admin-and-finance-officer-jobs-by-goal-ethiopia-november-2025/Deadline : November 13- 2025",ተዛማጅ ክህሎቶች,📌 አጠቃላይ,ጀማሪ,2025-11-05,@elelanjobs,115
የሥራ ቦታ,ኩባንያ,[ New ] Jobs by Rammis Bank November 20251. Swift Officer III2. Trade Service Officer III3. Remittance Officer III4. Branch Manager5. Branch Accountant6. Senior Customer Service Officer - Cash7. Customer Service OfficerHow to Apply - https://elelanjobs.com/job/jobs-by-rammis-bank-november-2025/Deadline : November 9- 2025,ተዛማጅ ክህሎቶች,💻 ቴክኖሎጂ,ጀማሪ,2025-11-05,@elelanjobs,114
የሥራ ቦታ,ኩባንያ,[ New ] Jobs by HARBU ENGINEERING PLC November 20251: Office Engineer2: CONSTRUCTION FORMAN3: SITE ENGINEER4: QUANTITY SURVEYOR5: CONSTRUCTION FORMAN6: PROJECT MANAGER7: OFFICE ENGINEER8: SITE ENGINEER9: PROJECT MANAGERHow to Apply - https://elelanjobs.com/job/jobs-by-harbu-engineering-plc-november-2025/Deadline : November 07 2025,ተዛማጅ ክህሎቶች,🏗️ ኢንጂነሪንግ,ጀማሪ,2025-11-05,@elelanjobs,113
የሥራ ቦታ,freelanceethbot,"Job Title: **Secretary**Job Type: **On-site - Permanent (Full-time)**Work Location: **Addis Ababa, Ethiopia**Applicants Needed: **Female**Salary/Compensation: **7000 ETB Monthly**Deadline: **March 29th, 2026****Description**:**Job Title: Store Secretary / Administrative Assistant**Location: Addis Ababa,SemitWorkplace: Dako SupermarketJob SummaryDako Supermarket is looking for a responsible and organized Store Secretary **. __[view details below]__**__________________**Private Client**1 Jobs Post",ተዛማጅ ክህሎቶች,💻 ቴክኖሎጂ,ጀማሪ,2026-03-19,@freelance_ethio,94428
የሥራ ቦታ,✅__15 Jobs Posted__________________From: afriworke,"Job Title: **Accountant**Job Type: **On-site - Permanent (Full-time)**Work Location: **Addis Ababa, Ethiopia**Applicants Needed: **Female**Salary/Compensation: **10000 ETB Monthly**Deadline: **March 28th, 2026****Description**:Job DescriptionWe are looking for a qualified individual with strong experience peachtree to join our team.The ideal candidate should have a good understanding of the Ethiopian taxation and revenu **. __[view details below]__**__________________**Reliable Homes Business an",ተዛማጅ ክህሎቶች,💻 ቴክኖሎጂ,ጀማሪ,2026-03-19,@freelance_ethio,94427
የሥራ ቦታ,freelanceethbot,"Job Title: **Video Editor**Job Type: **On-site - Contractual**Work Location: **Addis Ababa, Ethiopia**Salary/Compensation: **Fixed (One-time)**Deadline: **March 28th, 2026****Description**:We are producing an **online Amharic language course for learners**. The course will include recorded lessons where an instructor teaches Amharic in English.The Video Editor will be responsible for turni **. __[view details below]__**__________________**Private Client**2 Jobs Posted__________________From: afri",ተዛማጅ ክህሎቶች,💻 ቴክኖሎጂ,ጀማሪ,2026-03-19,@freelance_ethio,94426
የሥራ ቦታ,✅__61 Jobs Posted__________________From: afriworke,"Job Title: **Social Media Manager(Afaan Oromoo-Speaking)**Job Type: **On-site - Permanent (Full-time)**Work Location: **Addis Ababa, Ethiopia**Applicants Needed: **Female**Salary/Compensation: **Monthly**Deadline: **March 26th, 2026****Description**:Blue Ocean Creatives, a full-scale digital solutions agency is looking for an afaan oromoo **full-time onsite** **Social Media Manager & Host (Female)** who is passionate about content creation and commu **. __[view details below]__**________________",ተዛማጅ ክህሎቶች,💻 ቴክኖሎጂ,ጀማሪ,2026-03-19,@freelance_ethio,94425
የሥራ ቦታ,✅__61 Jobs Posted__________________From: afriworke,"Job Title: **Digital Marketing & Social Media Manager**Job Type: **On-site - Permanent (Full-time)**Work Location: **Addis Ababa, Ethiopia**Applicants Needed: **Female**Salary/Compensation: **Monthly**Deadline: **March 26th, 2026****Description**:Blue Ocean Creatives, a full-scale digital solutions agency is looking for a **full-time onsite** **Social Media Manager & Host (Female)** who is passionate about content creation and community engagement **. __[view details below]__**__________________",ተዛማጅ ክህሎቶች,💻 ቴክኖሎጂ,ጀማሪ,2026-03-19,@freelance_ethio,94424
የሥራ ቦታ,✅__61 Jobs Posted__________________From: afriworke,"Job Title: **Administrative Assistant**Job Type: **On-site - Permanent (Full-time)**Work Location: **Addis Ababa, Ethiopia**Applicants Needed: **Female**Salary/Compensation: **10000 ETB Monthly**Deadline: **April 2nd, 2026****Description**:Milkomi Flour Factory is seeking an organized and motivated female Office Assistant to support daily office operations. The ideal candidate will play a key role in managing files, handling contracts, **. __[view details below]__**__________________**Blue Pixel",ተዛማጅ ክህሎቶች,💻 ቴክኖሎጂ,ጀማሪ,2026-03-19,@freelance_ethio,94423
የሥራ ቦታ,✅__12 Jobs Posted__________________From: afriworke,"Job Title: **Graphic Designer & Video Editor**Job Type: **Hybrid - Part-time**Work Location: **Addis Ababa, Ethiopia**Applicants Needed: **Male**Salary/Compensation: **Monthly**Deadline: **March 28th, 2026****Description**:**Golden Family Real Estate** is looking for a highly creative and talented Graphic Designer & Video Editor to join our team. This role combines video editing, and graphic design, requiring someone wh **. __[view details below]__**__________________**Golden Family Real Estate ",ተዛማጅ ክህሎቶች,💻 ቴክኖሎጂ,ጀማሪ,2026-03-19,@freelance_ethio,94422
የሥራ ቦታ,✅__3 Jobs Posted__________________From: afriworket,"Job Title: **Graphics Designer & Product Content developer**Job Type: **Remote - Freelance**Work Location: **from Anywhere/remote**Salary/Compensation: **Monthly**Deadline: **March 30th, 2026****Description**:We are seeking a highly creative and versatile **Graphic Designer and Product Content Developer** to join our dynamic team. In this role, you will be the architect of our visual identity and a key driver **. __[view details below]__**__________________**CAPITAL X TRADING PLC**__Verified Com",ተዛማጅ ክህሎቶች,💻 ቴክኖሎጂ,ጀማሪ,2026-03-19,@freelance_ethio,94421
የሥራ ቦታ,✅__2 Jobs Posted__________________From: afriworket,"Job Title: **Digital Marketing Manager**Job Type: **On-site - Permanent (Full-time)**Work Location: **Addis Ababa, Ethiopia**Salary/Compensation: **20000 ETB Monthly**Deadline: **March 30th, 2026****Description**:Are you a strategic thinker with a passion for storytelling and data? At **CAPITALX**, we are looking for a dynamic **Digital Marketing Manager** to lead our online presence and drive our brand into its next **. __[view details below]__**__________________**CAPITAL X TRADING PLC**__Veri",ተዛማጅ ክህሎቶች,💻 ቴክኖሎጂ,ጀማሪ,2026-03-19,@freelance_ethio,94420
የሥራ ቦታ,✅__14 Jobs Posted__________________From: afriworke,"Job Title: **Real estate sales consultant**Job Type: **On-site - Permanent (Full-time)**Work Location: **Addis Ababa, Ethiopia**Salary/Compensation: **Monthly**Deadline: **March 28th, 2026****Description**:አስቸኳይ የስራ ማስታወቂያ!የስራው ዝርዝር:- ድርጅታችን ሪሊያብል ሆምስ በሪልእስቴት ሽያጭ ዘርፍ የሽያጭ ሰራተኞችን አወዳድሮ መቅጥር ይፈልጋል.- በማህበራዊ ሚዲያ ላይ በደንብ መስራት የሚችል/የምትችል እና ስራው በሚፈልገው ክሬቲቭ የሶሻል ሚድያ ኮንቴንት ማዘጋጀት የሚችል/የምትችል- ጥሩ የመግባባት ችሎታ ያለ **. __[view details below]__**__________________**Reliable Homes Business and Marketing**__Verifi",sales,💻 ቴክኖሎጂ,ጀማሪ,2026-03-19,@freelance_ethio,94419
የሥራ ቦታ,✅__1 Jobs Posted__________________From: afriworket,"Job Title: **Junior Accountant**Job Type: **On-site - Permanent (Full-time)**Work Location: **Addis Ababa, Ethiopia**Applicants Needed: **Female**Salary/Compensation: **Monthly**Deadline: **March 29th, 2026****Description**:we are seeking a detail-oriented and motivated Junior Accountant to support the financial team in maintaining accurate financial records and ensuring smooth day-to-day accounting operations. The role **. __[view details below]__**__________________**Hulucare Dermatology and A",ተዛማጅ ክህሎቶች,💻 ቴክኖሎጂ,ጀማሪ,2026-03-19,@freelance_ethio,94418
የሥራ ቦታ,freelanceethbot,"Job Title: **Senior Full Stack Developer**Job Type: **On-site - Permanent (Full-time)**Work Location: **Addis Ababa, Ethiopia**Salary/Compensation: **Monthly**Deadline: **April 2nd, 2026****Description**:Shirshir Business Group PLC (SBG) seeks a Senior Full Stack System Developer to design, build, and deploy complex web applications. This role manages both front-end and back-end logic, ensuring code q **. __[view details below]__**__________________**Private Client**1 Jobs Posted________________",ተዛማጅ ክህሎቶች,💻 ቴክኖሎጂ,ጀማሪ,2026-03-19,@freelance_ethio,94417
የሥራ ቦታ,✅__3 Jobs Posted__________________From: afriworket,"Job Title: **structural darfts peron**Job Type: **On-site - Permanent (Full-time)**Work Location: **Addis Ababa, Ethiopia**Salary/Compensation: **Monthly**Deadline: **April 2nd, 2026****Description**:we are looking for a skilled and detail -oriented structural drafts person to join our team. the ideal candidate must have a minimum of 3 years experience in preparing detail structural drawing and pl **. __[view details below]__**__________________**meron fikremariam engineers consulting one member",ተዛማጅ ክህሎቶች,💻 ቴክኖሎጂ,ጀማሪ,2026-03-19,@freelance_ethio,94416
የሥራ ቦታ,name: Nimrod Consultancy(powered by Nimrod Network,"Job Title: **Secretary**Job Type: **On-site - Permanent (Full-time)**Work Location: **Addis Ababa, Ethiopia**Applicants Needed: **Female**Salary/Compensation: **9981 ETB Monthly**Deadline: **March 30th, 2026****Description**:Company name: Nimrod Consultancy(powered by Nimrod Network and importer PLC)We are a growing travel consultancy company looking for a smart, energetic, and confident Office Secretary to join our team **. __[view details below]__**__________________**Nimrod Network and Import",ተዛማጅ ክህሎቶች,💻 ቴክኖሎጂ,ጀማሪ,2026-03-19,@freelance_ethio,94415
የሥራ ቦታ,freelanceethbot,"Job Title: **Saleswoman**Job Type: **On-site - Permanent (Full-time)**Work Location: **Addis Ababa, Ethiopia**Applicants Needed: **Female**Salary/Compensation: **Monthly**Deadline: **March 24th, 2026****Description**:**Description:**We are seeking indoor saleswoman, who's capable of the followingResponsibilities- Contact customers and prospects to introduce and promote the company's products or services- Underst **. __[view details below]__**__________________**Private Client**4 Jobs Posted_____",ተዛማጅ ክህሎቶች,💻 ቴክኖሎጂ,ጀማሪ,2026-03-19,@freelance_ethio,94414
የሥራ ቦታ,name = Nimrod Consultancy(powered by Nimrod Networ,"- - - - - - - - CLOSED - - - - - - - -Job Title: **Secretary**Job Type: **On-site - Permanent (Full-time)**Work Location: **Addis Ababa, Ethiopia**Applicants Needed: **Female**Salary/Compensation: **9871 ETB Monthly**Deadline: **March 30th, 2026****Description**:Job DescriptionCompany name = Nimrod Consultancy(powered by Nimrod Network and importer PLC)We are a growing travel consultancy company looking for a smart, energetic, and confident Office Secretary **. __[view details below]__**________",ተዛማጅ ክህሎቶች,💻 ቴክኖሎጂ,ጀማሪ,2026-03-19,@freelance_ethio,94413
የሥራ ቦታ,✅__572 Jobs Posted__________________From: afriwork,"Job Title: **Customer Sucess Intern**Job Type: **On-site - Permanent (Full-time)**Work Location: **Addis Ababa, Ethiopia**Salary/Compensation: **Monthly**Deadline: **April 2nd, 2026****Description**:**Job Description**Afriwork is currently seeking a highly motivated Customer Sucess intern to join our dynamic team.**Main duties and Responsibilities**Resolving customer issues and concerns efficiently an **. __[view details below]__**__________________**Afriwork Recruitment**__Verified Company ✅__5",ተዛማጅ ክህሎቶች,💻 ቴክኖሎጂ,ጀማሪ,2026-03-19,@freelance_ethio,94412
የሥራ ቦታ,✅__1 Jobs Posted__________________From: afriworket,"Job Title: **Architectural Model Maker**Job Type: **On-site - Permanent (Full-time)**Work Location: **Addis Ababa, Ethiopia**Salary/Compensation: **Monthly**Deadline: **March 31st, 2026****Description**:ROHA Interior and Architect PLC are seeking a skilled **Architectural Model Maker** to produce precise and high-quality physical architectural models. The role involves interpreting drawings, preparing mo **. __[view details below]__**__________________**Roha Interior and Architects PLC.**__Verif",ተዛማጅ ክህሎቶች,💻 ቴክኖሎጂ,ጀማሪ,2026-03-19,@freelance_ethio,94411
የሥራ ቦታ,✅__40 Jobs Posted__________________From: afriworke,"Job Title: **Procurement & Supplies Coordination Manager**Job Type: **On-site - Permanent (Full-time)**Work Location: **Addis Ababa, Ethiopia**Salary/Compensation: **Monthly**Deadline: **April 2nd, 2026****Description**:**Elmi Olindo Contractors** **PLC** is seeking a highly organized and experienced Procurement & Supplies Coordination Manager to lead and coordinate procurement and material supply activities across our c **. __[view details below]__**__________________**Elmi Olindo Contractors P",ተዛማጅ ክህሎቶች,💻 ቴክኖሎጂ,ጀማሪ,2026-03-19,@freelance_ethio,94410
የሥራ ቦታ,✅__22 Jobs Posted__________________From: afriworke,"Job Title: **ሁለገብ ባለሙያ**Job Type: **On-site - Permanent (Full-time)**Work Location: **Addis Ababa, Ethiopia**Applicants Needed: **Male**Salary/Compensation: **Monthly**Deadline: **April 2nd, 2026****Description**:ድርጅታችን በማስታወቂያ ስራዎች ዘርፍ (ላይት ቦክስ፣ ስቲከር፣ ሳይኔጅ እና ተመሳሳይ ስራዎች) ላይ ለመስራት ብቁ የሆነ፣ ታታሪ እና በሙያው ለማደግ ፍላጐት ያለው ባለሙያ እንፈልጋለን።የስራ ሀላፊነቶች:• የማስታወቂያ አይነቶችን (ላይት ቦክስ፣ ስቲከር፣ ሳይኔጅ ወዘተ) መግጠም፣ መጫንና መጠገን• በቡድን ጋር በመ **. __[view details below]__**__________________**Gratitude Trading Plc**__Verified Compa",ተዛማጅ ክህሎቶች,💻 ቴክኖሎጂ,ጀማሪ,2026-03-19,@freelance_ethio,94409
የሥራ ቦታ,freelanceethbot,"Job Title: **የሽያጭ ሰራተኛ**Job Type: **On-site - Permanent (Full-time)**Work Location: **Addis Ababa, Ethiopia**Applicants Needed: **Female**Salary/Compensation: **Monthly**Deadline: **April 1st, 2026****Description**:ድርጅታችን Crystal Glass furnishing ሰሚት 72, 72 ፕላዛ ለይ ላለው ሱቃችን የሽያጭ ሰራተኛ (Sales) ለመቅጠር ይፈልጋል - ስራዋን ወዳው እና አክብራ መስራት የምትችል - የማሳመን ችሎታ ያላት - የራሷን እና የስራ ቦታዋን በንጽህና መያዝ የምትችልNote - ስራው ኮሚሽን **. __[view details below]__**__________________**Private Client**1 Jobs Posted__________________Fro",sales,💻 ቴክኖሎጂ,ጀማሪ,2026-03-19,@freelance_ethio,94408
የሥራ ቦታ,of goods - Maintain accurate stock records (manual,"Job Title: **Storekeeper**Job Type: **On-site - Permanent (Full-time)**Work Location: **Addis Ababa, Ethiopia**Applicants Needed: **Female**Salary/Compensation: **Monthly**Deadline: **March 28th, 2026****Description**:**Key Responsibilities** - Receive, inspect, and record incoming materials and supplies - Ensure proper storage and organization of goods - Maintain accurate stock records (manual or system- **. __[view details below]__**__________________**FICOM BUSINESS PLC**__Verified Company ✅_",ተዛማጅ ክህሎቶች,💻 ቴክኖሎጂ,ጀማሪ,2026-03-19,@freelance_ethio,94407
የሥራ ቦታ,✅__571 Jobs Posted__________________From: afriwork,"Job Title: **Accountant**Job Type: **On-site - Permanent (Full-time)**Work Location: **Addis Ababa, Ethiopia**Applicants Needed: **Female**Salary/Compensation: **Monthly**Deadline: **April 2nd, 2026****Description**:We are seeking a detail-oriented and motivated **Junior Accountant** to support the finance team in maintaining accurate financial records and ensuring smooth day-to-day accounting operations. This role i **. __[view details below]__**__________________**Afriwork Recruitment**__Verif",ተዛማጅ ክህሎቶች,💻 ቴክኖሎጂ,ጀማሪ,2026-03-19,@freelance_ethio,94406
የሥራ ቦታ,freelanceethbot,"Job Title: **ልብስ ሰፊ**Job Type: **On-site - Permanent (Full-time)**Work Location: **Addis Ababa, Ethiopia**Applicants Needed: **Female**Salary/Compensation: **Monthly**Deadline: **April 2nd, 2026****Description**:ልብስ ማጥበብ እና መስፋት የስራ ልምድ ያላት**ቦታ ጐተራ ኮንዶሚኒየም****ለስራ ቦታችን ቅርብ የሆነች ቢሆን ይመረጣል**ደሞዝ 10,000Phone no: 0912162509/0944254546__________________**Private Client**9 Jobs Posted__________________From: afriworket.com | @freelanceethbot | @freelance_ethio | @afriworkamharic",ተዛማጅ ክህሎቶች,💻 ቴክኖሎጂ,ጀማሪ,2026-03-19,@freelance_ethio,94405
የሥራ ቦታ,✅__3 Jobs Posted__________________From: afriworket,"Job Title: **Restaurant manager**Job Type: **On-site - Permanent (Full-time)**Work Location: **Addis Ababa, Ethiopia**Salary/Compensation: **20000 ETB Monthly**Deadline: **March 31st, 2026****Description**:We are looking for an experienced and responsible **Restaurant Manager** to oversee daily operations, lead our team, and drive sales growth.Key Responsibilities: - Manage daily restaurant operations **. __[view details below]__**__________________**Isat burger**__Verified Company ✅__3 Jobs Pos",ተዛማጅ ክህሎቶች,💻 ቴክኖሎጂ,ጀማሪ,2026-03-19,@freelance_ethio,94404
የሥራ ቦታ,ProfileSun Optical Technologies and Sun Optics Opt,"Job Title: **Junior Sales Person**Job Type: **On-site - Permanent (Full-time)**Work Location: **Addis Ababa, Ethiopia**Applicants Needed: **Female**Salary/Compensation: **Monthly**Deadline: **March 28th, 2026****Description**:Company ProfileSun Optical Technologies and Sun Optics Optometry Eye Clinic are recognized as pioneers and leading providers of premium eyewear products and professional eye care services in Ethiopia **. __[view details below]__**__________________**MENAB TRADING PLC**__Ver",ተዛማጅ ክህሎቶች,💻 ቴክኖሎጂ,ጀማሪ,2026-03-19,@freelance_ethio,94403
የሥራ ቦታ,✅__2 Jobs Posted__________________From: afriworket,"Job Title: **Sales/Ticket Agents and Visa Processor for IATA agency**Job Type: **Hybrid - Permanent (Full-time)**Work Location: **Others, Ethiopia**Applicants Needed: **Female**Salary/Compensation: **Monthly**Deadline: **April 14th, 2026****Description**:**Sales or Ticket Agents and Visa Processor for IATA agency**We are an IATA-accredited tour and travel agent. **Role and Responsibilities:**- Process ticket booking and reservations using the Galileo GDS s **. __[view details below]__**_________",ተዛማጅ ክህሎቶች,💻 ቴክኖሎጂ,ጀማሪ,2026-03-19,@freelance_ethio,94402
የሥራ ቦታ,freelanceethbot,"Job Title: **Project Manager (Construction)**Job Type: **On-site - Contractual**Work Location: **Addis Ababa, Ethiopia**Salary/Compensation: **Monthly**Deadline: **March 26th, 2026****Description**:**Job Summary**TPM Trading PLC is seeking a qualified and experienced **Project Manager** to lead building construction projects. The ideal candidate must have strong experience in **finishing works and MEP sy** **. __[view details below]__**__________________**Private Client**5 Jobs Posted___________",ተዛማጅ ክህሎቶች,💻 ቴክኖሎጂ,ጀማሪ,2026-03-19,@freelance_ethio,94401
የሥራ ቦታ,✅__12 Jobs Posted__________________From: afriworke,"Job Title: **Senior Accountant**Job Type: **On-site - Permanent (Full-time)**Work Location: **Addis Ababa, Ethiopia**Salary/Compensation: **Monthly**Deadline: **March 26th, 2026****Description**:Yegna Trading PLC is looking for a highly skilled and experienced Senior Accountant to join our finance team. The ideal candidate will be responsible for overseeing financial records, preparing accura **. __[view details below]__**__________________**Yegna Trading**__Verified Company ✅__12 Jobs Posted___",ተዛማጅ ክህሎቶች,💻 ቴክኖሎጂ,ጀማሪ,2026-03-18,@freelance_ethio,94400
የሥራ ቦታ,✅__63 Jobs Posted__________________From: afriworke,"Job Title: **UI/UX Designer**Job Type: **On-site - Permanent (Full-time)**Work Location: **Addis Ababa, Ethiopia**Salary/Compensation: **Monthly**Deadline: **April 1st, 2026****Description**:**Roles and Responsibilities **● Lead the full UX/UI design cycle for digital products (research, wireframing, prototyping, high-fidelity UI, and design systems). ● Design and produce marketing and bran **. __[view details below]__**__________________**Blih Marketing and Communications plc**__Verified Compan",communication,💻 ቴክኖሎጂ,ጀማሪ,2026-03-18,@freelance_ethio,94399
የሥራ ቦታ,ኩባንያ,"#new_vacancy ⬇️[EF Architects and Engineers Consulting PLCVacancy Announcement](https://t.me/shegerjobs)Position: Office Assistance• Req. No: 1• Place of Work: Addis Ababa Head office• Salary: NegotiableHow to ApplyInterested and qualified applicants should submit their CV including Original and nonreturnable copies of Testimonial & Renewed Professional license (for position No. 1,2 and 4 only) in person on 10 calendar days of this vacancy announcement at EF Architects and Engineers Consulting P",ተዛማጅ ክህሎቶች,💻 ቴክኖሎጂ,ጀማሪ,2025-01-22,@shegerjobs,8738
የሥራ ቦታ,scaleHow to ApplyQualified and Interested applican,#new_vacancy ⬇️[Hadero Coffee CompanyVacancy Announcement](https://t.me/shegerjobs)Job Title: Junior Quality Control Officer• Req. No: 2• Salary and benefit: Negotiable based on company scaleHow to ApplyQualified and Interested applicants who meet the above criteria can apply via E-mail: gm@hadero.com or info@hadero.com or submit their non- returnable CV with supporting documents within 6 working days from the date of announcement to Hadero Coffee Company. Human Capital Department; located on Ja,ተዛማጅ ክህሎቶች,💻 ቴክኖሎጂ,ጀማሪ,2025-01-22,@shegerjobs,8737
የሥራ ቦታ,ኩባንያ,"#new_vacancy ⬇️[ASER Construction PLCVacancy Announcement](https://t.me/shegerjobs)Job Title: Senior Auditor• Qty: 2• Employment Type: For indefinite period• Closing date: 9(nine) working days from the first date of announcement• Salary: Attractive and Negotiable / Road Construction industry experience is Advantageous/How to ApplyInterested applicants who fulfill the above requirements can submit their application with non returnable and Copies of supporting documents (Gergi Emperial, Besides Me",ተዛማጅ ክህሎቶች,💻 ቴክኖሎጂ,ጀማሪ,2025-01-22,@shegerjobs,8736
የሥራ ቦታ,experience is an advantageous❇️Application Deadlin,"#new_vacancy ⬇️[TNT Construction & TradingVacancy Announcement](https://t.me/shegerjobs)Position: Store Keeper• No: 20• Place of Work: Project out of Addis• For position experience in Construction Companies is mandatory.• Salary: NegotiableHow to ApplyInterested qualified applicants are advised to apply in person by attaching their non-returnable application and CV with all credentials in 9(nine) Working days from the date of this announcement; (On Saturdays, our office is open before noon only)",ተዛማጅ ክህሎቶች,💻 ቴክኖሎጂ,ጀማሪ,2025-01-22,@shegerjobs,8735
የሥራ ቦታ,tnt,"#new_vacancy ⬇️**TNT Construction & TradingVacancy Announcement**Position: **Quality Controll**• No: 10• Place of Work: Project out of Addis• For position experience in Construction Companies is mandatory.• Salary: Negotiable**How to Apply**Interested qualified applicants are advised to apply in person by attaching their non-returnable application and CV with all credentials in 9(nine) Working days from the date of this announcement; (On Saturdays, our office is open before noon only).Address: A",ተዛማጅ ክህሎቶች,💻 ቴክኖሎጂ,ጀማሪ,2025-01-22,@shegerjobs,8734
የሥራ ቦታ,tnt,"#new_vacancy ⬇️**TNT Construction & TradingVacancy Announcement**Position: **Site Engineer**• No: 20• Place of Work: Project out of Addis• For position experience in Construction Companies is mandatory.• Salary: Negotiable**How to Apply**Interested qualified applicants are advised to apply in person by attaching their non-returnable application and CV with all credentials in 9(nine) Working days from the date of this announcement; (On Saturdays, our office is open before noon only).Address: Addi",ተዛማጅ ክህሎቶች,💻 ቴክኖሎጂ,ጀማሪ,2025-01-22,@shegerjobs,8733
የሥራ ቦታ,tnt,"#new_vacancy ⬇️TNT Construction & TradingVacancy AnnouncementPosition: Junior Project Equipment Administrator• No: 02• Place of Work: Project out of Addis• For position experience in Construction Companies is mandatory.• Salary: NegotiableHow to ApplyInterested qualified applicants are advised to apply in person by attaching their non-returnable application and CV with all credentials in 9(nine) Working days from the date of this announcement; (On Saturdays, our office is open before noon only).",ተዛማጅ ክህሎቶች,💻 ቴክኖሎጂ,ጀማሪ,2025-01-22,@shegerjobs,8732
የሥራ ቦታ,scale• Work Place: Addis AbabaHow to ApplyInterest,"#new_vacancy AB-HAM Enterprise PLC Vacancy AnnouncementPosition: Senior General Accountant• Term of Employment: Permanent• Salary: As per the Company scale• Work Place: Addis AbabaHow to ApplyInterested applicants who fulfill the above requirement can send their application, CV, and Relevant Credentials within 8 Calendar Days after the first day of this announcement only through the E-mail or P.O.BOX address below.netsanetnow@gmail.com or P. O. Box 6712, Addis Ababa, Ethiopia,Mob: 093047043**Qua",ተዛማጅ ክህሎቶች,💻 ቴክኖሎጂ,ጀማሪ,2024-08-16,@shegerjobs,8711
የሥራ ቦታ,redstarsint,"#new_vacancy Red Stars Holding CompanyVacancy AnnouncementJob Position: Junior Sales Officers• Req. No: 4/four/• Place of work: Holding Company, Bole Road, Addis Ababa • Salary: As per the Company's scale, attractive.• Term of Employment: Permanent.• Deadline: August 22, 2024.How to ApplyInterested Applicants who fulfill the above minimum requirements apply by sending an application, CV, and conditionals via email: vacancy@redstarsint.comFor more information call +251116671803/+251116671145 6 10",ተዛማጅ ክህሎቶች,💻 ቴክኖሎጂ,ጀማሪ,2024-08-16,@shegerjobs,8710
የሥራ ቦታ,gmail,"#new_vacancy Shobole Electro Mechanical Vacancy AnnouncementPosition: Graphic Design and Digital Marketing• Salary: Negotiable• Place of work: Addis Ababa• Deadline for application: 26/08/2024How to ApplyAddress: Addis Ababa, kirkos Sub City, Gazebo Squrare, opposite of Meshualekiya public Health CenterContact Number: +251988334422/+251953577777Email: salesshobole@gmail.com**Qualifications/Skills**• Job experience: 0-1 years• Qualification: Diploma/Bachelor's• Degree and above with a GPA of 3.0 ",ተዛማጅ ክህሎቶች,💻 ቴክኖሎጂ,ጀማሪ,2024-08-16,@shegerjobs,8709
የሥራ ቦታ,gmail,"#new_vacancy Shobole Electro Mechanical Vacancy AnnouncementPosition: Junior Accountant • Gender: Female• Salary: Negotiable• Place of work: Addis Ababa• Deadline for application: 26/08/2024How to ApplyAddress: Addis Ababa, kirkos Sub City, Gazebo Squrare, opposite of Meshualekiya public Health CenterContact Number: +251988334422/+251953577777Email: salesshobole@gmail.com**Qualifications/Skills**• Job experience: 0-1 years• Qualification: Bachelor's Degree and above with a GPA of 3.4 and above• ","excel, word, powerpoint",💻 ቴክኖሎጂ,ጀማሪ,2024-08-16,@shegerjobs,8708
የሥራ ቦታ,gmail,#new_vacancy Amigonian Schools PLCVacancy AnnouncementPositions: Assistant Teachers• Place of Work: Addis Abeba and Sululta• Salary: Attractive How to Apply Interested applicants should submit their CVs and credentials within 15 working days at the SEMEN MAZEGAJA branch office of the Managing Director in person. For more information call 0944029840 /0966215169/0911484725 alternatively you can send your Cv and credentials to afromindsconsultancy@gmail.com**Qualifications/Skills**• Qualifications:,ተዛማጅ ክህሎቶች,💻 ቴክኖሎጂ,ጀማሪ,2024-08-16,@shegerjobs,8707
የሥራ ቦታ,gmail,#new_vacancy Amigonian Schools PLCVacancy AnnouncementPositions: #Amharic #English #maths #physics #Chemistry #Biology #Geography #History #Economics #ICT #HPE Teachers• Place of Work: Addis Ababa and sululta • Salary: Attractive How to Apply Interested applicants should submit their CVs and credentials within 15 working days at the SEMEN MAZEGAJA branch office of the Managing Director in person. For more information call 0944029840 /0966215169/0911484725 alternatively you can send your Cv and c,ተዛማጅ ክህሎቶች,💻 ቴክኖሎጂ,ጀማሪ,2024-08-16,@shegerjobs,8706
የሥራ ቦታ,gmail,#new_vacancy Amigonian Schools PLCVacancy AnnouncementPositions: Afaan Oromo Teachers• Place of Work: Addis Ababa and sululta • Salary: Attractive How to Apply Interested applicants should submit their CVs and credentials within 15 working days at the SEMEN MAZEGAJA branch office of the Managing Director in person. For more information call 0944029840 /0966215169/0911484725 alternatively you can send your Cv and credentials to afromindsconsultancy@gmail.com**Qualifications/Skills**• Qualificatio,ተዛማጅ ክህሎቶች,💻 ቴክኖሎጂ,ጀማሪ,2024-08-16,@shegerjobs,8705
የሥራ ቦታ,gmail,#new_vacancy Amigonian Schools PLCVacancy AnnouncementPositions: School Vice Directors (Female)• Place of Work: Addis Ababa• Salary: Attractive How to Apply Interested applicants should submit their CVs and credentials within 15 working days at the SEMEN MAZEGAJA branch office of the Managing Director in person. For more information call 0944029840 /0966215169/0911484725 alternatively you can send your Cv and credentials to afromindsconsultancy@gmail.com**Qualifications/Skills**• Qualifications:,ተዛማጅ ክህሎቶች,💻 ቴክኖሎጂ,ጀማሪ,2024-08-16,@shegerjobs,8704
የሥራ ቦታ,gmail,#new_vacancy Amigonian Schools PLCVacancy AnnouncementPositions: School Directors• Place of Work: Addis Ababa• Salary: Attractive How to Apply Interested applicants should submit their CVs and credentials within 15 working days at the SEMEN MAZEGAJA branch office of the Managing Director in person. For more information call 0944029840 /0966215169/0911484725 alternatively you can send your Cv and credentials to afromindsconsultancy@gmail.com**Qualifications/Skills**• Qualifications: MA/ Degree in,ተዛማጅ ክህሎቶች,💻 ቴክኖሎጂ,ጀማሪ,2024-08-16,@shegerjobs,8703
የሥራ ቦታ,"or company you worked in:2, Job or Position held:3","#new_vacancy TNT Construction and TradingVacancy AnnouncementPosition:Electrician• No: 10• Place of Work: Project Addis Ababa• Experience in Construction Companies is mandatory.• Salary: Negotiable N.B:-It is mandatory for every applicant to summarize his/her work experience using below & send us with his/her documents.1, Name of organization or company you worked in:2, Job or Position held:3, Your duration on the position from-to:How to ApplyInterested qualified applicants are advised to apply ",ተዛማጅ ክህሎቶች,💻 ቴክኖሎጂ,ጀማሪ,2024-08-16,@shegerjobs,8702
የሥራ ቦታ,"or company you worked in:2, Job or Position held:3","#new_vacancy TNT Construction and TradingVacancy AnnouncementPosition: General Foreman• No: 15• Place of Work: Project Addis Ababa• Experience in Construction Companies is mandatory.• Salary: Negotiable N.B:-It is mandatory for every applicant to summarize his/her work experience using below & send us with his/her documents.1, Name of organization or company you worked in:2, Job or Position held:3, Your duration on the position from-to:How to ApplyInterested qualified applicants are advised to a",ተዛማጅ ክህሎቶች,💻 ቴክኖሎጂ,ጀማሪ,2024-08-16,@shegerjobs,8701
የሥራ ቦታ,"or company you worked in:2, Job or Position held:3","#new_vacancy TNT Construction and TradingVacancy AnnouncementPosition: Site Engineer• No: 10• Place of Work: Project Addis Ababa• Experience in Construction Companies is mandatory.• Salary: Negotiable N.B:-It is mandatory for every applicant to summarize his/her work experience using below & send us with his/her documents.1, Name of organization or company you worked in:2, Job or Position held:3, Your duration on the position from-to:How to ApplyInterested qualified applicants are advised to app",ተዛማጅ ክህሎቶች,💻 ቴክኖሎጂ,ጀማሪ,2024-08-16,@shegerjobs,8700
የሥራ ቦታ,"or company you worked in:2, Job or Position held:3","#new_vacancy TNT Construction and TradingVacancy AnnouncementPosition: Project Office Engineer• No: 02• Place of Work: Project Addis Ababa• Experience in Construction Companies is mandatory.• Salary: Negotiable N.B:-It is mandatory for every applicant to summarize his/her work experience using below & send us with his/her documents.1, Name of organization or company you worked in:2, Job or Position held:3, Your duration on the position from-to:How to ApplyInterested qualified applicants are advi",ተዛማጅ ክህሎቶች,💻 ቴክኖሎጂ,ጀማሪ,2024-08-16,@shegerjobs,8699
የሥራ ቦታ,Scale and Attractive• Employment Type: PermanentHo,"#new_vacancy ⬇️Al- Afia Share CompanyVacancy Announcement Position: IT teacher• Qty: 2• Salary: As per the Company Scale and Attractive• Employment Type: PermanentHow to ApplyInterested applicants who meet the above requirements are requested to submit their credentials in person at the company's head office located around Bethel Square (Kolfe-Keranio S/City), SOYAM Building, 5th floor, Reception Desk from August 5, 2024-August 16, 2024, during office hours. Or send your credentials via e-mail a",ተዛማጅ ክህሎቶች,💻 ቴክኖሎጂ,ጀማሪ,2024-08-10,@shegerjobs,8697
የሥራ ቦታ,gmail,"#new_vacancy ⬇️Meftihe Micro finance institution S.CVacancy AnnouncementJob Position: Customer Service Officer - CSO• Place: Branch• No. Req: 10How to Apply Interested and Qualified applicants my submit their application or CV and other credentials in person, with in ten (9) consecutive days from the date of this announcement to; Human Resource Management Office. Meftihe micro finance S.C address Sar bet Square Ethiopia graduate school of theology (EGST) building 2nd floor [www.meftihemicrofinan",ተዛማጅ ክህሎቶች,💻 ቴክኖሎጂ,ጀማሪ,2024-08-10,@shegerjobs,8696
የሥራ ቦታ,Scale and Attractive• Employment Type: PermanentHo,"#new_vacancy ⬇️Al- Afia Share CompanyVacancy Announcement Position: Amharic Teacher , Maths Teacher , English Teacher , affaan Oromo Teacher• Qty: 3• Salary: As per the Company Scale and Attractive• Employment Type: PermanentHow to ApplyInterested applicants who meet the above requirements are requested to submit their credentials in person at the company's head office located around Bethel Square (Kolfe-Keranio S/City), SOYAM Building, 5th floor, Reception Desk from August 6, 2024-August 16, 20",ተዛማጅ ክህሎቶች,💻 ቴክኖሎጂ,ጀማሪ,2024-08-10,@shegerjobs,8695
